duration,protocol_type,service,flag,src_bytes,dst_bytes,land,wrong_fragment,urgent,hot,num_failed_logins,logged_in,num_compromised,root_shell,su_attempted,num_root,num_file_creations,num_shells,num_access_files,num_outbound_cmds,is_host_login,is_guest_login,count,srv_count,serror_rate,srv_serror_rate,rerror_rate,srv_rerror_rate,same_srv_rate,diff_srv_rate,srv_diff_host_rate,dst_host_count,dst_host_srv_count,dst_host_same_srv_rate,dst_host_diff_srv_rate,dst_host_same_src_port_rate,dst_host_srv_diff_host_rate,dst_host_serror_rate,dst_host_srv_serror_rate,dst_host_rerror_rate,dst_host_srv_rerror_rate
1,tcp,pop_3,RSTO,0,36,0,0,0,0,0,1,0,0,0,0,0,0,0,0,0,0,3,3,0.0,0.0,1.0,0.67,0.33,1.0,1.0,232,59,0.23,0.02,0.0,0.03,0.0,0.0,0.87,0.98
4,tcp,pop_3,SF,32,93,0,0,0,0,0,1,0,0,0,0,0,0,0,0,0,0,2,1,0.0,0.0,0.5,0.0,0.5,1.0,0.0,255,239,0.94,0.02,0.0,0.0,0.0,0.0,0.02,0.0
7645,tcp,telnet,SF,0,44,0,0,0,0,0,0,0,0,0,0,0,0,0,0,0,0,1,1,0.0,0.0,0.0,0.0,1.0,0.0,0.0,255,168,0.66,0.02,0.0,0.0,0.49,0.48,0.01,0.01
4,tcp,pop_3,SF,28,93,0,0,0,0,0,1,0,0,0,0,0,0,0,0,0,0,1,1,0.0,0.0,0.0,0.0,1.0,0.0,0.0,255,248,0.97,0.01,0.0,0.0,0.0,0.0,0.0,0.0
0,icmp,eco_i,SF,18,0,0,0,0,0,0,0,0,0,0,0,0,0,0,0,0,0,1,1,0.0,0.0,0.0,0.0,1.0,0.0,0.0,1,90,1.0,0.0,1.0,1.0,0.0,0.0,0.0,0.0
5,tcp,pop_3,SF,30,93,0,0,0,0,0,1,0,0,0,0,0,0,0,0,0,0,1,1,0.0,0.0,0.0,0.0,1.0,0.0,0.0,255,210,0.82,0.02,0.0,0.0,0.0,0.0,0.04,0.0
84,tcp,telnet,SF,277,1089,0,0,0,2,0,1,1,1,0,0,4,2,0,0,0,0,1,1,0.0,0.0,0.0,0.0,1.0,0.0,0.0,255,1,0.0,0.07,0.0,0.0,0.14,0.0,0.86,0.0
0,tcp,http,SF,241,1894,0,0,0,0,0,1,0,0,0,0,0,0,0,0,0,0,6,6,0.0,0.0,0.0,0.0,1.0,0.0,0.0,99,255,1.0,0.0,0.01,0.01,0.01,0.0,0.0,0.0
0,tcp,ftp_data,SF,2209,0,0,0,0,0,0,0,0,0,0,0,0,0,0,0,0,0,1,1,0.0,0.0,0.0,0.0,1.0,0.0,0.0,4,2,0.5,0.5,0.5,0.0,0.0,0.0,0.0,0.0
5,tcp,pop_3,SF,32,93,0,0,0,0,0,1,0,0,0,0,0,0,0,0,0,0,1,1,0.0,0.0,0.0,0.0,1.0,0.0,0.0,89,76,0.84,0.03,0.01,0.03,0.0,0.0,0.11,0.0
0,udp,private,SF,105,147,0,0,0,0,0,0,0,0,0,0,0,0,0,0,0,0,1,1,0.0,0.0,0.0,0.0,1.0,0.0,0.0,151,150,0.99,0.01,0.01,0.0,0.0,0.0,0.0,0.0
0,tcp,http,SF,192,3717,0,0,0,0,0,1,0,0,0,0,0,0,0,0,0,0,1,1,0.0,0.0,0.0,0.0,1.0,0.0,0.0,1,188,1.0,0.0,1.0,0.04,0.0,0.0,0.0,0.0
0,tcp,http,SF,356,398,0,0,0,0,0,1,0,0,0,0,0,0,0,0,0,0,3,3,0.0,0.0,0.0,0.0,1.0,0.0,0.0,255,255,1.0,0.0,0.0,0.0,0.0,0.0,0.0,0.0
0,tcp,ftp_data,SF,0,3249,0,0,0,0,0,0,0,0,0,0,0,0,0,0,0,0,1,1,0.0,0.0,0.0,0.0,1.0,0.0,0.0,242,20,0.05,0.03,0.05,0.1,0.01,0.0,0.0,0.0
0,tcp,private,REJ,0,0,0,0,0,0,0,0,0,0,0,0,0,0,0,0,0,0,239,15,0.0,0.0,1.0,1.0,0.06,0.06,0.0,255,15,0.06,0.05,0.0,0.0,0.0,0.0,1.0,1.0
0,tcp,ftp_data,SF,12,0,0,0,0,0,0,0,0,0,0,0,0,0,0,0,0,0,1,1,0.0,0.0,0.0,0.0,1.0,0.0,0.0,206,47,0.23,0.04,0.23,0.0,0.0,0.0,0.0,0.0
1,tcp,telnet,RSTO,0,15,0,0,0,0,0,0,0,0,0,0,0,0,0,0,0,0,1,5,0.0,0.0,1.0,0.6,1.0,0.0,0.6,148,84,0.32,0.03,0.01,0.02,0.0,0.0,0.91,0.7
805,tcp,http,RSTR,77344,1,0,0,0,0,0,1,0,0,0,0,0,0,0,0,0,0,54,54,0.11,0.11,0.89,0.89,1.0,0.0,0.0,255,254,1.0,0.01,0.0,0.0,0.03,0.03,0.74,0.74
242,tcp,telnet,SF,504,27200,0,0,1,2,0,1,165,1,0,173,3,0,2,0,0,0,1,1,0.0,0.0,0.0,0.0,1.0,0.0,0.0,2,2,1.0,0.0,0.5,0.0,0.0,0.0,0.0,0.0
0,tcp,http,SF,230,494,0,0,0,0,0,1,0,0,0,0,0,0,0,0,0,0,1,2,0.0,0.0,0.0,0.0,1.0,0.0,1.0,15,240,1.0,0.0,0.07,0.06,0.0,0.0,0.0,0.0
1,tcp,pop_3,RSTO,0,36,0,0,0,0,0,1,0,0,0,0,0,0,0,0,0,0,3,8,0.0,0.0,1.0,0.88,0.33,1.0,1.0,155,59,0.24,0.03,0.01,0.03,0.0,0.0,0.9,1.0
0,tcp,http,SF,209,354,0,0,0,0,0,1,0,0,0,0,0,0,0,0,0,0,16,22,0.0,0.0,0.0,0.0,1.0,0.0,0.09,255,255,1.0,0.0,0.0,0.0,0.0,0.0,0.0,0.0
0,tcp,sunrpc,REJ,0,0,0,0,0,0,0,0,0,0,0,0,0,0,0,0,0,0,3,3,0.0,0.0,1.0,1.0,0.33,1.0,1.0,85,49,0.16,0.06,0.01,0.04,0.0,0.0,0.88,1.0
73,tcp,telnet,SF,3741,25423,0,0,2,6,0,1,0,1,0,0,0,0,0,0,0,0,1,1,0.0,0.0,0.0,0.0,1.0,0.0,0.0,6,4,0.67,0.33,0.17,0.0,0.0,0.0,0.0,0.0
92,tcp,telnet,SF,2458,9336,0,0,0,6,0,1,8,1,0,2,0,0,0,0,0,0,1,1,0.0,0.0,0.0,0.0,1.0,0.0,0.0,146,19,0.13,0.03,0.01,0.0,0.0,0.0,0.0,0.0
0,tcp,private,REJ,0,0,0,0,0,0,0,0,0,0,0,0,0,0,0,0,0,0,268,2,0.0,0.0,1.0,1.0,0.01,0.06,0.0,255,2,0.01,0.07,0.0,0.0,0.0,0.0,1.0,1.0
0,tcp,private,REJ,0,0,0,0,0,0,0,0,0,0,0,0,0,0,0,0,0,0,233,19,0.0,0.0,1.0,1.0,0.08,0.06,0.0,255,19,0.07,0.07,0.0,0.0,0.0,0.0,1.0,1.0
0,icmp,eco_i,SF,20,0,0,0,0,0,0,0,0,0,0,0,0,0,0,0,0,0,1,56,0.0,0.0,0.0,0.0,1.0,0.0,1.0,2,55,1.0,0.0,1.0,0.27,0.0,0.0,0.0,0.0
0,tcp,private,REJ,0,0,0,0,0,0,0,0,0,0,0,0,0,0,0,0,0,0,198,8,0.0,0.0,1.0,1.0,0.04,0.06,0.0,255,8,0.03,0.07,0.0,0.0,0.0,0.0,1.0,1.0
0,tcp,http,SF,304,3007,0,0,0,0,0,1,0,0,0,0,0,0,0,0,0,0,11,21,0.0,0.0,0.0,0.0,1.0,0.0,0.1,55,255,1.0,0.0,0.02,0.04,0.0,0.01,0.0,0.0
